flpolycontact_FirstName,flpolycontact_LastName,flpolycontact_PrimaryContactMethod,flpolycontact_PhoneNumber,flpolycontact_Email
Matt,Bohm,Email,123-456-7890,mbohm@floridapoly.edu
Lidia,Vigil,Call,111-111-1111,lvigil@floridapoly.edu
Erica,Johnson,Text,222-222-2222,ejohnson@floridapoly.edu
Kathy,Bowman,In-Person,333-333-3333,kbowman@floridapoly.edu
Pairris,Jones,,444-444-4444,pjones@floridapoly.edu
Maggie,Mariucci,,555-555-5555,mmariucci@floridapoly.edu
Kristen,Spiker,Email,098-765-4321,kspiker@floridapoly.edu
Grisselle,Centeno,,465-777-7854,gcenteno@floridapoly.edu
Mary,Vollaro,Email,213-132-1351,mvollaro@floridapoly.edu
